name,role,last_contacted
David "Tanner" Wilkey,Application Analyst,2026-07-31
Zachary Bloodworth,Application Developer,2026-07-31
Ryan Brittelle,Business Intelligence Lead @ AGL,2026-07-31
LeighAnne Ivey,Early Career Talent Program Lead,2026-09-28
Hengameh Purfakhr,Innovation Program Manager,2026-09-28
Karie Riebel,Technology Planning Analyst Specialist,2026-07-31
Kelly Moncrief,Head of AI @ SiteOne,2026-07-31
Veronica Powell,Application Development Manager,2026-07-31
Gentillo Curescu,Application Analyst,2026-07-31
Benjamin Mackrill,Detection Engineering and Automation Manager,2026-09-28
Sujith Kumar,Gas Data Solutions & AI Manager,2026-09-28
Venkat Veeramachaneni,Gas Data Solutions & AI General Manager,2026-07-31
David Sharp,IS Cloud Engineering Manager,2026-09-28
Renuka Gopinath,Application Developer Manager,2026-07-31
Katherine Raigosa,Application Analyst,2026-07-31
Angie D. Marchuk,IT Support Manager,2026-07-31
Deelip P. Modak,Senior Data Architect,2026-07-31
Srinivas Reddy,Analyst II,2026-07-31
